{
  "vol": 1.2716419,
  "pitch": 1.3104477,
  "start": 1.0,
  "end": 2.0,
  "delay": 629.85077,
  "slice": 0.6158209,
  "path": "sounds/click.wav"
}